Route_ID,Time,Day,Weather,Traffic_Volume,Congestion_Level
8,04:19,Weekend,Clear,942,Medium
16,23:40,Weekend,Clear,1394,Medium
16,05:15,Weekend,Clear,846,Medium
6,06:56,Weekday,Clear,1970,High
1,20:56,Weekday,Clear,1737,High
14,15:53,Weekend,Clear,672,Low
13,13:29,Weekday,Clear,568,Low
10,09:44,Weekday,Clear,1348,High
16,08:16,Weekday,Foggy,1459,High
12,07:44,Weekday,Clear,150,Medium
10,01:05,Weekday,Foggy,1409,High
14,14:51,Weekday,Clear,1573,High
6,22:05,Weekday,Rainy,328,Medium
7,08:51,Weekday,Rainy,1969,High
9,19:23,Weekend,Clear,644,Medium
10,16:42,Weekday,Clear,1293,Medium
6,09:51,Weekday,Clear,890,High
10,04:46,Weekday,Clear,355,Low
10,16:01,Weekday,Clear,1209,Medium
7,07:23,Weekend,Clear,1429,High
17,00:15,Weekday,Rainy,1567,High
19,20:02,Weekend,Clear,1008,Medium
15,01:46,Weekday,Clear,1919,High
13,02:37,Weekday,Clear,1014,Medium
4,02:46,Weekend,Clear,1604,Medium
8,21:27,Weekday,Foggy,927,High
15,11:13,Weekday,Clear,118,Low
15,02:21,Weekday,Foggy,814,High
19,05:43,Weekend,Clear,230,Low
16,05:16,Weekday,Clear,1330,Medium
10,08:23,Weekday,Foggy,330,High
16,06:05,Weekend,Clear,1268,Medium
8,18:31,Weekend,Foggy,897,High
9,20:54,Weekend,Clear,1763,Medium
4,18:12,Weekday,Foggy,1066,High
7,03:12,Weekday,Clear,1059,Medium
8,20:49,Weekend,Rainy,1036,Medium
16,14:52,Weekday,Rainy,1629,High
15,18:32,Weekend,Clear,1133,High
3,03:05,Weekend,Clear,258,Low
5,02:49,Weekend,Clear,771,Low
6,11:56,Weekend,Clear,743,Low
8,04:11,Weekend,Foggy,985,Medium
7,14:31,Weekday,Clear,1755,High
7,13:17,Weekday,Clear,1379,Medium
3,19:42,Weekday,Clear,1253,High
17,19:31,Weekday,Clear,114,Medium
19,09:58,Weekend,Clear,1588,High
9,23:31,Weekend,Clear,1402,Medium
15,12:54,Weekend,Rainy,971,Medium
15,03:32,Weekend,Foggy,1723,Medium
15,14:46,Weekday,Rainy,1789,High
13,04:58,Weekday,Clear,1404,Medium
10,05:45,Weekend,Clear,1722,Medium
12,23:18,Weekend,Rainy,805,Medium
17,15:25,Weekday,Rainy,1281,High
16,06:00,Weekday,Clear,1715,High
14,16:51,Weekday,Rainy,849,High
10,20:11,Weekend,Clear,1293,Medium
1,16:03,Weekend,Rainy,733,Medium
8,06:41,Weekday,Clear,565,Low
8,22:23,Weekend,Rainy,654,Medium
18,20:53,Weekday,Clear,118,Low
7,03:28,Weekend,Rainy,286,Medium
8,09:23,Weekday,Clear,331,Medium
6,02:40,Weekend,Foggy,1180,Medium
18,22:27,Weekday,Clear,840,Medium
17,01:44,Weekday,Clear,302,Low
15,19:16,Weekend,Clear,1145,High
19,07:14,Weekday,Clear,1587,High
11,07:51,Weekday,Clear,778,Medium
2,22:14,Weekday,Clear,1883,High
10,02:30,Weekend,Clear,468,Low
13,11:45,Weekday,Clear,917,Medium
19,02:52,Weekend,Rainy,845,Medium
4,12:18,Weekday,Clear,1204,Medium
2,10:20,Weekday,Clear,801,Medium
15,19:11,Weekend,Foggy,1468,High
6,06:51,Weekday,Clear,1279,Medium
6,07:40,Weekday,Rainy,703,High
4,18:34,Weekday,Clear,762,Medium
19,14:49,Weekend,Clear,164,Low
19,02:32,Weekend,Clear,1018,Medium
15,11:20,Weekday,Clear,1626,High
15,14:21,Weekend,Clear,1526,Medium
7,16:42,Weekday,Clear,815,Medium
17,05:26,Weekend,Foggy,180,Medium
15,10:43,Weekend,Clear,850,Medium
12,00:09,Weekend,Rainy,1284,Medium
5,08:06,Weekend,Rainy,1104,High
8,12:10,Weekday,Rainy,525,Medium
4,13:10,Weekday,Clear,820,Medium
19,21:19,Weekend,Clear,1384,Medium
19,14:29,Weekend,Clear,1168,Medium
9,08:45,Weekday,Clear,1983,High
5,19:48,Weekday,Clear,1875,High
4,16:23,Weekday,Clear,1888,High
16,09:15,Weekend,Clear,957,High
2,07:24,Weekend,Rainy,534,High
10,11:15,Weekend,Clear,1018,Medium
10,06:08,Weekday,Clear,143,Low
18,18:04,Weekday,Clear,1398,High
8,10:51,Weekend,Clear,172,Low
8,16:37,Weekend,Clear,248,Low
11,10:21,Weekday,Clear,1951,High
6,12:23,Weekend,Rainy,643,Medium
6,12:06,Weekday,Rainy,1205,High
9,16:24,Weekday,Clear,963,Medium
4,00:16,Weekday,Foggy,577,Medium
1,18:40,Weekday,Foggy,1856,High
8,19:52,Weekday,Clear,1546,High
13,20:13,Weekday,Rainy,1100,High
16,02:30,Weekday,Clear,1887,High
8,11:56,Weekend,Rainy,1912,Medium
12,11:10,Weekday,Rainy,1663,High
14,17:16,Weekend,Clear,1203,High
6,10:07,Weekday,Rainy,377,Medium
8,01:34,Weekend,Rainy,989,Medium
15,08:58,Weekend,Clear,1782,High
8,07:17,Weekend,Clear,1032,High
7,04:14,Weekend,Clear,1889,Medium
2,20:54,Weekday,Clear,426,Low
13,03:30,Weekend,Rainy,1792,Medium
15,02:16,Weekday,Clear,1565,High
6,22:31,Weekend,Clear,558,Low
4,13:21,Weekend,Rainy,202,Medium
2,08:38,Weekend,Clear,362,Medium
3,05:34,Weekend,Clear,434,Low
3,19:17,Weekend,Foggy,108,High
19,02:50,Weekend,Clear,540,Low
13,20:46,Weekend,Rainy,167,Medium
3,15:58,Weekend,Rainy,1956,Medium
7,03:48,Weekend,Clear,1206,Medium
4,18:21,Weekday,Clear,1578,High
3,23:41,Weekend,Clear,1313,Medium
8,06:39,Weekday,Clear,708,Low
17,13:01,Weekday,Foggy,1424,High
8,18:20,Weekday,Clear,576,Medium
2,16:52,Weekday,Clear,804,Medium
19,20:34,Weekday,Clear,962,Medium
19,15:12,Weekend,Clear,1605,Medium
4,06:58,Weekend,Clear,1617,Medium
19,14:17,Weekend,Clear,1366,Medium
9,03:33,Weekday,Rainy,1397,High
10,15:12,Weekend,Rainy,443,Medium
19,21:07,Weekday,Rainy,1920,High
16,13:35,Weekday,Rainy,110,Medium
17,17:33,Weekday,Clear,1144,High
5,00:31,Weekend,Clear,1681,Medium
18,11:10,Weekend,Clear,434,Low
6,11:06,Weekday,Clear,443,Low
3,22:27,Weekend,Clear,406,Low
7,06:08,Weekend,Rainy,1072,Medium
6,06:27,Weekend,Rainy,1789,Medium
9,14:27,Weekday,Clear,1424,Medium
19,17:26,Weekday,Rainy,124,High
18,23:01,Weekday,Foggy,1655,High
17,21:33,Weekday,Clear,635,Low
13,03:20,Weekend,Clear,357,Low
11,12:58,Weekend,Clear,712,Low
12,09:15,Weekend,Foggy,646,High
9,23:30,Weekday,Clear,510,Low
6,20:50,Weekday,Clear,977,Medium
12,00:25,Weekend,Clear,1037,Medium
8,12:00,Weekday,Clear,704,Low
7,02:06,Weekend,Rainy,1688,Medium
4,05:02,Weekday,Clear,1251,Medium
12,03:21,Weekend,Clear,1568,Medium
13,18:02,Weekday,Clear,1311,High
15,13:39,Weekday,Clear,1338,Medium
6,18:53,Weekday,Clear,1640,High
6,04:58,Weekend,Clear,1292,Medium
9,11:08,Weekday,Clear,883,Medium
7,08:58,Weekend,Foggy,1008,High
3,04:17,Weekend,Foggy,500,Medium
14,01:35,Weekday,Clear,738,Low
17,15:26,Weekday,Clear,1454,Medium
12,11:50,Weekend,Clear,1846,Medium
12,00:59,Weekend,Clear,842,Medium
16,01:27,Weekend,Clear,1729,Medium
1,17:31,Weekday,Foggy,1784,High
3,10:36,Weekday,Clear,104,Low
9,19:50,Weekday,Clear,1691,High
18,11:59,Weekend,Rainy,1349,Medium
13,13:39,Weekend,Clear,1119,Medium
2,09:01,Weekend,Clear,1166,High
1,09:56,Weekday,Clear,1848,High
3,12:59,Weekday,Clear,1578,High
2,06:25,Weekend,Rainy,1383,Medium
11,18:30,Weekend,Rainy,1340,High
7,08:32,Weekend,Clear,1277,High
14,19:03,Weekend,Clear,1311,High
12,10:38,Weekday,Clear,1084,Medium
4,09:58,Weekday,Clear,554,Medium
12,08:01,Weekend,Rainy,146,High
17,02:07,Weekend,Clear,1179,Medium
3,06:21,Weekend,Clear,1787,Medium
18,15:40,Weekday,Clear,1549,High
8,07:21,Weekend,Clear,725,Medium
18,19:32,Weekday,Clear,436,Medium
2,20:52,Weekend,Clear,1930,Medium
19,23:44,Weekend,Rainy,1336,Medium
11,15:21,Weekday,Clear,873,Medium
12,18:24,Weekend,Clear,776,Medium
5,20:55,Weekend,Clear,240,Low
15,07:32,Weekday,Foggy,1712,High
12,20:02,Weekend,Clear,833,Medium
19,21:26,Weekend,Clear,579,Low
11,08:37,Weekend,Clear,561,Medium
1,20:42,Weekday,Rainy,462,Medium
13,06:22,Weekday,Rainy,988,High
7,18:36,Weekend,Foggy,1556,High
18,08:39,Weekend,Clear,1832,High
7,20:35,Weekday,Rainy,194,Medium
10,06:40,Weekday,Rainy,341,Medium
15,20:54,Weekend,Rainy,1818,Medium
18,19:03,Weekday,Clear,1334,High
9,19:22,Weekend,Clear,1334,High
2,21:54,Weekday,Clear,677,Low
5,07:21,Weekend,Clear,891,High
11,15:43,Weekend,Clear,1546,Medium
10,01:17,Weekend,Rainy,1796,Medium
1,11:58,Weekend,Clear,1172,Medium
12,04:50,Weekday,Clear,1511,High
15,21:16,Weekday,Clear,1587,High
10,09:21,Weekend,Foggy,218,High
15,06:00,Weekend,Rainy,1969,Medium
8,09:06,Weekend,Rainy,1840,High
3,20:40,Weekend,Clear,755,Low
10,17:32,Weekday,Clear,1979,High
3,20:44,Weekend,Foggy,1365,Medium
2,12:54,Weekday,Clear,996,Medium
7,05:43,Weekend,Clear,360,Low
18,19:44,Weekend,Rainy,1186,High
4,08:51,Weekend,Foggy,584,High
12,02:56,Weekend,Clear,1776,Medium
4,07:54,Weekend,Clear,494,Medium
15,07:45,Weekend,Clear,1552,High
8,19:11,Weekend,Clear,895,High
11,03:45,Weekday,Rainy,949,High
5,20:31,Weekend,Clear,1102,Medium
19,07:22,Weekend,Foggy,1749,High
8,00:04,Weekend,Clear,1432,Medium
6,09:22,Weekday,Clear,917,High
18,22:10,Weekend,Clear,296,Low
16,17:52,Weekend,Clear,1573,High
8,17:11,Weekday,Rainy,973,High
1,04:13,Weekend,Clear,503,Low
14,00:42,Weekday,Rainy,247,Medium
3,12:31,Weekend,Clear,1264,Medium
15,07:56,Weekend,Clear,1848,High
15,11:08,Weekday,Foggy,538,Medium
17,18:22,Weekday,Clear,685,Medium
17,14:24,Weekend,Clear,665,Low
19,07:22,Weekend,Clear,942,High
7,03:09,Weekend,Clear,363,Low
7,00:56,Weekend,Clear,1850,Medium
10,12:14,Weekday,Rainy,348,Medium
1,02:12,Weekday,Clear,878,Medium
19,13:06,Weekday,Foggy,253,Medium
3,07:40,Weekday,Clear,445,Medium
6,21:03,Weekend,Clear,1692,Medium
11,07:55,Weekday,Clear,1658,High
18,21:09,Weekday,Rainy,1017,High
16,01:41,Weekday,Clear,803,Medium
1,00:15,Weekday,Clear,1391,Medium
1,09:56,Weekday,Clear,1138,High
2,22:08,Weekday,Clear,1803,High
1,01:41,Weekend,Clear,1445,Medium
12,20:10,Weekday,Clear,531,Low
17,02:38,Weekday,Clear,512,Low
5,22:08,Weekday,Clear,907,Medium
14,01:35,Weekday,Clear,560,Low
10,19:05,Weekend,Clear,407,Medium
16,19:57,Weekday,Clear,571,Medium
15,00:16,Weekday,Clear,757,Low
7,09:36,Weekend,Clear,1408,High
10,14:28,Weekday,Clear,516,Low
10,08:40,Weekday,Clear,483,Medium
11,05:37,Weekday,Foggy,554,Medium
13,20:23,Weekend,Clear,1684,Medium
19,23:50,Weekend,Clear,1082,Medium
18,04:21,Weekend,Clear,1137,Medium
13,05:18,Weekend,Clear,1341,Medium
8,18:27,Weekday,Foggy,1725,High
10,19:52,Weekend,Clear,846,High
13,20:10,Weekend,Clear,831,Medium
3,04:20,Weekend,Clear,1847,Medium
4,23:56,Weekday,Rainy,956,High
2,22:01,Weekday,Foggy,1060,High
2,04:06,Weekday,Clear,1445,Medium
7,00:23,Weekend,Foggy,934,Medium
5,17:11,Weekday,Clear,888,High
6,21:47,Weekend,Clear,1613,Medium
9,19:08,Weekday,Clear,1074,High
14,22:13,Weekend,Rainy,1823,Medium
9,17:39,Weekday,Clear,1115,High
17,12:06,Weekday,Clear,171,Low
19,21:00,Weekend,Clear,1192,Medium
12,23:40,Weekend,Clear,867,Medium
15,04:01,Weekday,Foggy,350,Medium
16,15:50,Weekend,Foggy,1178,Medium
11,02:28,Weekday,Clear,1225,Medium
15,17:42,Weekday,Clear,183,Medium
12,15:50,Weekday,Rainy,1361,High
3,12:21,Weekday,Rainy,356,Medium
17,04:17,Weekday,Clear,1628,High
1,14:56,Weekday,Clear,715,Low
13,06:15,Weekend,Clear,817,Medium
13,08:17,Weekday,Rainy,1379,High
16,03:50,Weekday,Foggy,591,Medium
2,14:31,Weekend,Rainy,1909,Medium
6,22:20,Weekday,Clear,820,Medium
15,07:52,Weekday,Rainy,531,High
17,06:50,Weekend,Clear,1933,Medium
14,20:05,Weekday,Clear,110,Low
17,19:32,Weekend,Clear,1186,High
13,10:20,Weekend,Clear,197,Low
9,07:38,Weekend,Clear,403,Medium
8,18:43,Weekday,Clear,410,Medium
9,17:12,Weekend,Clear,1000,High
1,03:46,Weekend,Foggy,1830,Medium
3,08:24,Weekend,Clear,951,High
16,21:25,Weekend,Clear,1322,Medium
8,15:05,Weekday,Clear,1840,High
4,05:31,Weekend,Clear,810,Medium
11,21:43,Weekday,Clear,1839,High
19,16:25,Weekend,Clear,1058,Medium
16,16:27,Weekend,Rainy,817,Medium
8,16:28,Weekday,Rainy,461,Medium
6,08:47,Weekend,Clear,1419,High
19,22:47,Weekend,Clear,1379,Medium
3,13:17,Weekend,Rainy,930,Medium
6,00:53,Weekday,Clear,436,Low
4,19:47,Weekend,Clear,831,High
5,22:56,Weekday,Clear,1785,High
15,06:43,Weekday,Clear,342,Low
19,03:55,Weekday,Rainy,426,Medium
18,21:03,Weekend,Clear,722,Low
15,19:14,Weekday,Clear,289,Medium
7,06:56,Weekend,Rainy,1761,Medium
11,21:29,Weekday,Clear,490,Low
12,16:15,Weekend,Clear,451,Low
2,20:14,Weekend,Clear,1690,Medium
9,06:31,Weekend,Clear,1303,Medium
11,04:33,Weekday,Foggy,1975,High
10,21:29,Weekday,Clear,232,Low
13,07:17,Weekend,Foggy,626,High
16,02:57,Weekday,Clear,1222,Medium
4,15:47,Weekend,Clear,529,Low
17,20:39,Weekday,Clear,1327,Medium
10,06:51,Weekday,Clear,707,Low
12,22:34,Weekend,Foggy,455,Medium
6,03:48,Weekday,Clear,1974,High
13,03:03,Weekday,Rainy,1300,High
7,15:04,Weekend,Clear,1742,Medium
8,21:08,Weekend,Rainy,891,Medium
8,18:49,Weekday,Clear,239,Medium
13,20:28,Weekday,Clear,1330,Medium
6,20:05,Weekday,Clear,690,Low
4,20:59,Weekday,Rainy,658,Medium
1,00:10,Weekend,Clear,1025,Medium
5,04:25,Weekday,Clear,810,Medium
6,13:45,Weekend,Clear,672,Low
6,05:59,Weekend,Rainy,1071,Medium
2,09:20,Weekday,Clear,1101,High
19,08:25,Weekday,Clear,483,Medium
14,03:08,Weekday,Clear,1105,Medium
8,09:33,Weekend,Clear,1399,High
5,02:17,Weekend,Clear,169,Low
3,10:21,Weekend,Clear,1569,Medium
11,01:06,Weekend,Clear,1458,Medium
13,12:26,Weekday,Foggy,1750,High
2,14:14,Weekend,Clear,1679,Medium
9,20:30,Weekend,Rainy,1725,Medium
17,09:35,Weekend,Rainy,1145,High
4,01:52,Weekend,Clear,911,Medium
13,16:51,Weekday,Clear,1557,High
12,02:26,Weekday,Clear,1461,Medium
8,00:38,Weekend,Clear,1414,Medium
7,03:42,Weekend,Rainy,950,Medium
18,10:41,Weekend,Rainy,1240,Medium
18,19:58,Weekday,Foggy,361,High
17,04:25,Weekend,Clear,1087,Medium
9,04:39,Weekend,Rainy,333,Medium
18,10:33,Weekday,Clear,630,Low
3,10:05,Weekday,Clear,719,Low
18,09:44,Weekend,Clear,1434,High
16,00:53,Weekend,Clear,227,Low
16,00:04,Weekday,Clear,1082,Medium
16,08:02,Weekday,Clear,1188,High
4,12:45,Weekend,Clear,1391,Medium
12,20:47,Weekday,Clear,417,Low
3,22:49,Weekend,Clear,1442,Medium
9,14:42,Weekday,Rainy,1379,High
18,09:21,Weekday,Rainy,603,High
7,10:27,Weekend,Clear,1716,Medium
5,04:28,Weekend,Clear,1566,Medium
11,04:46,Weekday,Clear,1386,Medium
15,18:55,Weekend,Clear,278,Medium
3,04:12,Weekday,Clear,1710,High
4,21:25,Weekend,Rainy,748,Medium
14,14:56,Weekend,Clear,344,Low
17,07:28,Weekend,Clear,1394,High
18,08:54,Weekday,Rainy,1938,High
11,15:15,Weekend,Rainy,1747,Medium
11,23:17,Weekend,Clear,498,Low
16,05:29,Weekday,Clear,926,Medium
19,22:57,Weekday,Clear,1453,Medium
5,07:46,Weekday,Clear,1932,High
15,21:47,Weekday,Clear,1948,High
6,22:19,Weekday,Clear,1444,Medium
11,18:05,Weekend,Clear,1815,High
18,21:39,Weekend,Clear,314,Low
4,08:39,Weekend,Clear,1108,High
12,22:32,Weekday,Clear,1980,High
8,13:41,Weekend,Clear,1715,Medium
19,14:47,Weekend,Rainy,1200,Medium
15,17:51,Weekend,Foggy,1095,High
7,08:28,Weekday,Rainy,191,High
16,21:02,Weekend,Clear,437,Low
4,04:53,Weekday,Clear,1815,High
12,12:02,Weekend,Clear,1437,Medium
4,19:42,Weekday,Clear,1717,High
11,10:23,Weekday,Rainy,1413,High
3,17:49,Weekend,Clear,899,High
14,08:08,Weekend,Rainy,1978,High
15,01:54,Weekday,Clear,1726,High
14,22:48,Weekend,Rainy,336,Medium
5,07:55,Weekend,Foggy,1351,High
14,07:45,Weekday,Clear,407,Medium
6,11:53,Weekday,Clear,623,Low
18,06:36,Weekday,Clear,1766,High
9,21:03,Weekend,Clear,529,Low
15,16:42,Weekend,Foggy,554,Medium
1,06:19,Weekday,Clear,1577,High
16,15:02,Weekday,Clear,1879,High
13,07:08,Weekday,Clear,1725,High
15,21:24,Weekday,Clear,1695,High
9,09:50,Weekday,Clear,1682,High
11,04:03,Weekend,Foggy,616,Medium
2,19:02,Weekday,Clear,1270,High
13,11:35,Weekend,Clear,115,Low
18,13:59,Weekday,Clear,115,Low
15,05:41,Weekday,Clear,1793,High
18,22:15,Weekday,Clear,106,Low
6,11:21,Weekend,Rainy,1527,Medium
8,07:41,Weekend,Clear,245,Medium
12,18:17,Weekend,Rainy,1002,High
7,03:40,Weekend,Clear,1582,Medium
5,23:52,Weekend,Rainy,1966,Medium
12,00:43,Weekend,Clear,791,Low
12,03:48,Weekend,Clear,195,Low
10,04:24,Weekend,Clear,1549,Medium
8,23:57,Weekday,Foggy,713,Medium
3,23:16,Weekday,Clear,919,Medium
18,12:39,Weekday,Clear,727,Low
7,20:33,Weekday,Clear,1351,Medium
5,10:57,Weekend,Rainy,1797,Medium
15,14:31,Weekend,Rainy,1565,Medium
19,08:07,Weekday,Clear,446,Medium
3,22:32,Weekend,Clear,520,Low
7,06:09,Weekend,Clear,322,Low
18,17:53,Weekend,Foggy,1249,High
19,16:37,Weekend,Rainy,291,Medium
1,06:39,Weekday,Rainy,573,Medium
1,18:16,Weekend,Clear,1621,High
2,20:21,Weekday,Clear,1711,High
11,20:51,Weekend,Clear,1579,Medium
14,01:57,Weekend,Clear,1776,Medium
11,18:42,Weekend,Rainy,1570,High
12,13:18,Weekend,Foggy,1458,Medium
3,01:37,Weekend,Foggy,675,Medium
12,12:16,Weekend,Rainy,244,Medium
12,19:18,Weekday,Clear,294,Medium
14,05:14,Weekend,Rainy,571,Medium
10,08:57,Weekday,Clear,213,Medium
10,23:38,Weekend,Clear,1644,Medium
2,13:52,Weekend,Clear,1631,Medium
1,16:32,Weekday,Clear,307,Low
14,15:32,Weekend,Clear,222,Low
13,13:43,Weekend,Clear,834,Medium
16,11:40,Weekday,Clear,539,Low
8,06:35,Weekend,Rainy,657,Medium
18,04:07,Weekday,Clear,606,Low
15,18:07,Weekend,Clear,631,Medium
14,01:54,Weekend,Clear,721,Low
9,02:10,Weekend,Clear,1959,Medium
7,06:58,Weekday,Clear,1150,Medium
14,16:42,Weekday,Clear,116,Low
11,06:22,Weekday,Clear,1384,Medium
19,05:33,Weekday,Foggy,1887,High
8,13:30,Weekend,Clear,770,Low
11,14:25,Weekend,Clear,515,Low
3,08:00,Weekday,Foggy,949,High
6,09:47,Weekend,Clear,1996,High
4,00:32,Weekday,Clear,1864,High
6,15:07,Weekend,Rainy,1425,Medium
3,04:31,Weekend,Clear,1227,Medium
5,05:22,Weekend,Clear,1145,Medium
9,06:28,Weekday,Clear,862,Medium
13,22:32,Weekend,Rainy,1553,Medium
11,15:13,Weekday,Clear,1154,Medium
19,18:48,Weekday,Rainy,1075,High
16,00:31,Weekday,Foggy,1056,High
10,10:13,Weekday,Foggy,1546,High
15,07:02,Weekend,Clear,1781,High
8,23:41,Weekend,Clear,233,Low
18,23:37,Weekend,Clear,613,Low
13,16:48,Weekend,Clear,1298,Medium
10,03:58,Weekend,Clear,1243,Medium
5,16:44,Weekend,Clear,514,Low
19,20:36,Weekend,Clear,873,Medium
11,18:12,Weekday,Clear,1326,High
6,04:03,Weekday,Clear,1344,Medium
4,19:28,Weekend,Rainy,1304,High
17,23:39,Weekday,Rainy,1016,High
7,23:08,Weekend,Clear,982,Medium
3,03:47,Weekday,Rainy,1249,High
17,18:47,Weekend,Clear,992,High
12,15:11,Weekday,Clear,827,Medium
18,19:56,Weekend,Clear,1403,High
4,03:43,Weekday,Clear,1527,High
18,10:39,Weekend,Clear,618,Low
11,20:02,Weekday,Clear,1153,Medium
9,07:47,Weekday,Clear,1817,High
12,17:04,Weekday,Foggy,941,High
2,14:33,Weekday,Rainy,151,Medium
17,17:00,Weekend,Clear,1109,High
9,21:18,Weekend,Foggy,720,Medium
18,21:56,Weekday,Clear,1223,Medium
5,21:30,Weekday,Rainy,1489,High
9,09:21,Weekend,Rainy,1360,High
15,05:00,Weekend,Clear,800,Medium
3,13:19,Weekday,Clear,1301,Medium
3,10:52,Weekend,Clear,903,Medium
2,00:59,Weekend,Clear,1350,Medium
16,01:32,Weekend,Clear,942,Medium
14,16:36,Weekend,Clear,652,Low
18,22:12,Weekend,Rainy,258,Medium
9,06:19,Weekend,Rainy,170,Medium
12,15:13,Weekend,Foggy,1406,Medium
18,19:03,Weekend,Clear,1269,High
17,15:39,Weekday,Rainy,826,High
6,05:11,Weekend,Rainy,840,Medium
4,10:22,Weekend,Clear,1984,Medium
14,13:32,Weekend,Clear,1108,Medium
1,00:27,Weekday,Rainy,1219,High
17,18:43,Weekend,Clear,476,Medium
18,16:17,Weekend,Clear,334,Low
14,06:59,Weekend,Clear,1130,Medium
17,13:35,Weekday,Clear,1034,Medium
2,01:25,Weekend,Clear,512,Low
2,03:19,Weekend,Clear,939,Medium
18,13:27,Weekend,Foggy,1894,Medium
18,05:28,Weekday,Clear,1088,Medium
8,20:36,Weekend,Clear,1198,Medium
8,09:52,Weekday,Clear,1349,High
1,19:03,Weekday,Clear,1090,High
7,15:28,Weekend,Clear,1789,Medium
14,19:21,Weekday,Clear,637,Medium
8,22:14,Weekday,Clear,1556,High
3,18:59,Weekday,Foggy,1126,High
12,22:55,Weekend,Clear,1567,Medium
11,22:57,Weekday,Clear,1725,High
16,12:41,Weekday,Rainy,1830,High
10,15:19,Weekday,Rainy,1353,High
17,09:03,Weekday,Clear,1084,High
17,03:11,Weekday,Clear,1315,Medium
1,05:47,Weekend,Clear,1680,Medium
11,00:09,Weekday,Foggy,400,Medium
12,14:24,Weekend,Clear,1593,Medium
17,14:22,Weekday,Rainy,1894,High
13,03:18,Weekday,Clear,689,Low
8,21:26,Weekend,Clear,1566,Medium
16,06:53,Weekend,Clear,265,Low
13,20:20,Weekend,Rainy,670,Medium
18,04:50,Weekend,Clear,815,Medium
12,15:11,Weekday,Rainy,1144,High
6,07:42,Weekend,Rainy,774,High
5,10:41,Weekday,Clear,646,Low
3,07:07,Weekday,Clear,1759,High
12,09:42,Weekday,Clear,1532,High
18,21:12,Weekend,Clear,999,Medium
18,12:22,Weekend,Clear,221,Low
2,11:50,Weekday,Rainy,1697,High
7,05:48,Weekday,Clear,458,Low
4,01:23,Weekend,Clear,1002,Medium
12,09:27,Weekend,Rainy,1250,High
13,10:44,Weekend,Rainy,1001,Medium
12,15:12,Weekday,Clear,150,Low
16,09:24,Weekday,Clear,556,Medium
8,22:03,Weekend,Rainy,613,Medium
9,23:15,Weekday,Rainy,1632,High
12,21:51,Weekday,Clear,1802,High
16,07:22,Weekday,Rainy,797,High
1,01:36,Weekend,Clear,1565,Medium
1,02:24,Weekday,Clear,1870,High
4,06:46,Weekday,Clear,1260,Medium
5,10:04,Weekend,Foggy,302,Medium
7,14:10,Weekday,Clear,1263,Medium
3,19:30,Weekday,Clear,1479,High
8,02:47,Weekend,Clear,1644,Medium
19,21:09,Weekday,Clear,1358,Medium
12,15:05,Weekend,Clear,1907,Medium
16,13:38,Weekend,Rainy,1678,Medium
7,04:33,Weekday,Rainy,880,High
3,19:13,Weekday,Rainy,1387,High
14,22:29,Weekend,Clear,1803,Medium
8,01:56,Weekend,Clear,1124,Medium
1,09:35,Weekend,Clear,831,High
19,14:41,Weekday,Clear,1912,High
17,17:52,Weekday,Clear,1693,High
13,07:15,Weekend,Clear,1026,High
2,13:31,Weekday,Clear,1155,Medium
14,20:37,Weekday,Clear,1808,High
15,01:10,Weekend,Rainy,1910,Medium
14,03:20,Weekend,Rainy,1717,Medium
11,12:56,Weekend,Rainy,565,Medium
1,21:01,Weekend,Clear,1714,Medium
11,17:57,Weekday,Clear,1794,High
15,03:28,Weekend,Rainy,1571,Medium
12,23:32,Weekday,Clear,922,Medium
3,15:52,Weekend,Clear,1609,Medium
4,12:53,Weekday,Clear,1687,High
13,10:07,Weekend,Clear,918,Medium
11,12:26,Weekend,Clear,792,Low
17,09:31,Weekday,Clear,1652,High
17,12:03,Weekday,Clear,545,Low
2,22:09,Weekend,Clear,285,Low
16,13:41,Weekday,Clear,1173,Medium
6,13:35,Weekend,Clear,1441,Medium
18,09:20,Weekday,Foggy,302,High
7,09:23,Weekend,Clear,1560,High
6,18:39,Weekend,Rainy,833,High
1,04:53,Weekday,Clear,1999,High
2,23:21,Weekday,Clear,1198,Medium
6,17:24,Weekday,Foggy,1238,High
18,08:39,Weekend,Clear,969,High
6,18:35,Weekend,Clear,306,Medium
18,11:19,Weekend,Clear,234,Low
8,00:03,Weekday,Rainy,101,Medium
8,21:19,Weekend,Clear,1906,Medium
1,12:56,Weekend,Clear,953,Medium
16,00:15,Weekend,Clear,1632,Medium
3,05:52,Weekday,Foggy,1510,High
15,16:00,Weekday,Clear,424,Low
10,17:02,Weekend,Clear,369,Medium
15,02:05,Weekday,Clear,416,Low
1,20:47,Weekend,Rainy,550,Medium
8,00:27,Weekday,Clear,844,Medium
11,19:25,Weekday,Clear,1903,High
10,21:29,Weekday,Clear,892,Medium
17,15:00,Weekday,Clear,1795,High
12,12:22,Weekend,Clear,1774,Medium
19,15:38,Weekend,Clear,197,Low
17,12:42,Weekday,Clear,710,Low
6,10:25,Weekend,Rainy,993,Medium
17,12:51,Weekend,Clear,1885,Medium
16,18:47,Weekday,Clear,1816,High
15,04:28,Weekday,Clear,723,Low
7,09:13,Weekday,Clear,1283,High
3,02:01,Weekday,Clear,740,Low
18,05:50,Weekend,Clear,524,Low
2,09:19,Weekend,Clear,1594,High
16,18:38,Weekday,Clear,1148,High
9,03:50,Weekday,Clear,237,Low
5,00:58,Weekend,Foggy,953,Medium
1,19:29,Weekday,Clear,1530,High
8,04:58,Weekday,Rainy,223,Medium
5,06:06,Weekend,Rainy,1009,Medium
5,19:25,Weekday,Clear,1157,High
14,23:39,Weekday,Clear,1538,High
10,19:15,Weekend,Clear,1361,High
7,21:54,Weekday,Rainy,949,High
6,14:51,Weekday,Rainy,264,Medium
19,03:28,Weekday,Foggy,1618,High
9,09:35,Weekend,Clear,515,Medium
19,06:55,Weekend,Foggy,1563,Medium
3,05:17,Weekend,Rainy,1166,Medium
7,19:58,Weekday,Clear,1600,High
9,06:06,Weekday,Foggy,934,High
7,15:43,Weekend,Clear,1119,Medium
6,22:40,Weekend,Clear,1574,Medium
11,15:23,Weekend,Clear,1989,Medium
19,15:30,Weekend,Clear,425,Low
4,03:27,Weekday,Rainy,1237,High
9,12:41,Weekend,Foggy,1515,Medium
2,17:02,Weekend,Rainy,225,High
1,03:34,Weekend,Rainy,1511,Medium
17,13:52,Weekday,Clear,694,Low
19,06:02,Weekday,Clear,937,Medium
8,03:10,Weekday,Foggy,585,Medium
3,12:36,Weekend,Clear,1114,Medium
12,04:48,Weekday,Clear,815,Medium
18,12:54,Weekend,Clear,265,Low
9,06:11,Weekday,Clear,297,Low
7,23:12,Weekend,Foggy,1329,Medium
11,02:57,Weekend,Rainy,775,Medium
8,01:53,Weekday,Clear,330,Low
6,06:58,Weekday,Rainy,836,High
12,13:40,Weekend,Clear,542,Low
3,05:25,Weekend,Clear,901,Medium
15,01:18,Weekday,Clear,1447,Medium
4,07:49,Weekend,Rainy,1803,High
1,21:03,Weekend,Clear,1551,Medium
17,20:02,Weekday,Clear,712,Low
10,09:24,Weekend,Clear,1279,High
10,00:03,Weekend,Clear,700,Low
15,05:48,Weekend,Clear,1463,Medium
18,11:55,Weekend,Clear,133,Low
10,03:55,Weekday,Clear,1817,High
1,18:04,Weekday,Clear,736,Medium
8,13:20,Weekend,Clear,1130,Medium
13,21:13,Weekday,Clear,342,Low
12,09:09,Weekday,Clear,1169,High
3,08:16,Weekend,Clear,839,High
15,14:33,Weekend,Rainy,1904,Medium
15,10:23,Weekday,Clear,411,Low
18,08:10,Weekend,Clear,1700,High
16,03:07,Weekend,Rainy,1719,Medium
8,23:25,Weekday,Rainy,1713,High
7,02:48,Weekend,Rainy,104,Medium
8,14:59,Weekend,Clear,525,Low
5,17:05,Weekend,Clear,1282,High
2,07:02,Weekend,Clear,248,Medium
6,01:51,Weekday,Clear,1817,High
1,23:42,Weekday,Clear,1606,High
16,15:07,Weekend,Foggy,513,Medium
6,23:37,Weekend,Clear,891,Medium
18,04:06,Weekend,Rainy,961,Medium
3,19:02,Weekend,Rainy,208,High
12,08:08,Weekday,Rainy,1255,High
11,15:40,Weekday,Rainy,902,High
3,22:22,Weekday,Foggy,211,Medium
16,04:58,Weekday,Rainy,1774,High
4,11:17,Weekday,Clear,1741,High
1,22:17,Weekday,Clear,362,Low
1,07:41,Weekday,Clear,1561,High
6,01:56,Weekday,Clear,1205,Medium
4,04:01,Weekday,Clear,1143,Medium
1,09:45,Weekend,Rainy,413,High
14,00:34,Weekend,Clear,956,Medium
10,18:11,Weekday,Clear,1832,High
5,10:54,Weekend,Clear,782,Low
19,18:55,Weekend,Rainy,526,High
4,21:28,Weekday,Clear,535,Low
7,20:00,Weekend,Clear,924,Medium
18,10:23,Weekend,Rainy,162,Medium
2,06:40,Weekend,Clear,261,Low
17,14:23,Weekday,Clear,1186,Medium
12,14:01,Weekday,Rainy,258,Medium
17,19:58,Weekend,Clear,1935,High
18,12:12,Weekday,Clear,1171,Medium
8,06:38,Weekday,Clear,1543,High
2,08:02,Weekend,Clear,235,Medium
4,10:58,Weekend,Clear,1518,Medium
13,21:36,Weekday,Clear,1262,Medium
1,06:03,Weekday,Rainy,1796,High
10,04:10,Weekday,Rainy,988,High
7,09:57,Weekday,Clear,1509,High
18,17:07,Weekday,Clear,242,Medium
6,10:38,Weekday,Clear,686,Low
12,16:10,Weekday,Rainy,931,High
5,04:44,Weekend,Clear,572,Low
13,04:50,Weekend,Clear,225,Low
2,01:34,Weekday,Clear,1029,Medium
19,08:50,Weekday,Clear,753,Medium
6,02:05,Weekend,Clear,322,Low
14,18:43,Weekday,Clear,778,Medium
16,23:48,Weekend,Rainy,1921,Medium
12,23:21,Weekday,Clear,911,Medium
19,13:54,Weekend,Clear,532,Low
16,12:26,Weekend,Clear,1956,Medium
3,08:59,Weekend,Rainy,1222,High
9,18:31,Weekday,Clear,1781,High
13,18:24,Weekend,Clear,358,Medium
12,19:24,Weekend,Clear,867,High
11,07:18,Weekday,Rainy,1174,High
2,00:53,Weekend,Clear,781,Low
10,11:38,Weekend,Clear,195,Low
19,10:55,Weekend,Clear,283,Low
2,08:47,Weekend,Clear,247,Medium
14,14:35,Weekday,Clear,1688,High
12,20:31,Weekday,Clear,921,Medium
19,07:28,Weekend,Clear,942,High
19,19:45,Weekday,Rainy,1474,High
3,12:07,Weekend,Clear,354,Low
16,04:52,Weekday,Clear,664,Low
19,18:33,Weekend,Clear,703,Medium
5,22:34,Weekday,Clear,265,Low
5,15:09,Weekday,Clear,820,Medium
14,06:56,Weekend,Clear,716,Low
3,20:38,Weekday,Clear,848,Medium
5,02:32,Weekend,Clear,1711,Medium
1,11:45,Weekend,Rainy,582,Medium
11,15:41,Weekend,Clear,1799,Medium
12,23:40,Weekend,Rainy,564,Medium
11,20:27,Weekend,Clear,1475,Medium
3,15:49,Weekday,Clear,1235,Medium
11,16:57,Weekend,Clear,1876,Medium
3,10:46,Weekend,Clear,1434,Medium
6,17:54,Weekday,Clear,660,Medium
6,16:09,Weekday,Clear,785,Low
8,11:23,Weekend,Clear,481,Low
11,03:44,Weekday,Clear,478,Low
3,04:49,Weekday,Clear,134,Low
11,14:07,Weekend,Rainy,1677,Medium
6,01:16,Weekday,Rainy,1362,High
8,22:39,Weekend,Rainy,121,Medium
2,21:25,Weekend,Clear,467,Low
13,20:17,Weekday,Clear,778,Low
12,04:21,Weekend,Clear,1077,Medium
2,13:37,Weekend,Clear,756,Low
8,03:58,Weekday,Clear,608,Low
19,00:47,Weekday,Clear,1009,Medium
3,19:49,Weekday,Foggy,583,High
18,18:46,Weekend,Clear,995,High
3,18:45,Weekday,Rainy,596,High
7,08:19,Weekday,Clear,1037,High
5,20:24,Weekend,Foggy,1455,Medium
16,14:49,Weekday,Clear,367,Low
18,07:07,Weekend,Rainy,1247,High
11,08:06,Weekday,Clear,1410,High
11,17:03,Weekend,Clear,607,Medium
16,06:39,Weekday,Clear,1217,Medium
19,05:54,Weekend,Rainy,1406,Medium
8,04:52,Weekday,Clear,969,Medium
16,17:29,Weekday,Foggy,1754,High
18,16:07,Weekend,Rainy,382,Medium
14,07:30,Weekend,Rainy,1725,High
16,23:50,Weekday,Rainy,1994,High
6,04:14,Weekday,Rainy,771,Medium
4,12:20,Weekend,Clear,443,Low
5,01:40,Weekday,Clear,1449,Medium
4,21:40,Weekend,Clear,1474,Medium
11,22:41,Weekend,Rainy,829,Medium
12,03:32,Weekday,Clear,852,Medium
2,21:53,Weekend,Foggy,1444,Medium
6,23:28,Weekday,Clear,1714,High
2,02:15,Weekend,Clear,107,Low
10,07:27,Weekday,Foggy,740,High
18,20:59,Weekday,Clear,1392,Medium
11,11:55,Weekend,Clear,167,Low
18,09:25,Weekend,Clear,1635,High
16,06:35,Weekday,Clear,1942,High
6,10:21,Weekend,Clear,1890,Medium
12,08:28,Weekend,Clear,653,Medium
12,15:31,Weekend,Rainy,225,Medium
7,10:03,Weekend,Foggy,635,Medium
12,07:56,Weekday,Clear,442,Medium
9,15:42,Weekday,Clear,148,Low
14,07:46,Weekday,Clear,1619,High
13,15:25,Weekday,Clear,933,Medium
18,07:31,Weekday,Clear,1653,High
16,03:29,Weekend,Clear,1117,Medium
16,00:04,Weekend,Clear,1612,Medium
15,16:29,Weekday,Clear,945,Medium
9,23:57,Weekday,Foggy,1312,High
14,18:50,Weekend,Rainy,426,High
3,10:19,Weekday,Clear,1285,Medium
8,22:59,Weekday,Clear,287,Low
1,07:04,Weekend,Clear,1634,High
2,15:22,Weekday,Clear,801,Medium
10,12:14,Weekday,Clear,110,Low
7,18:51,Weekend,Clear,1805,High
5,02:18,Weekday,Foggy,1538,High
19,03:33,Weekday,Foggy,1866,High
3,07:36,Weekday,Clear,1235,High
11,17:11,Weekday,Foggy,1154,High
3,03:48,Weekend,Rainy,654,Medium
6,16:01,Weekday,Rainy,1452,High
5,10:26,Weekday,Rainy,1074,High
3,11:03,Weekday,Clear,427,Low
8,12:00,Weekend,Clear,1073,Medium
1,11:07,Weekend,Clear,1918,Medium
14,15:46,Weekday,Clear,1815,High
4,00:37,Weekday,Clear,1452,Medium
16,06:33,Weekend,Foggy,1732,Medium
18,10:52,Weekend,Clear,852,Medium
7,10:04,Weekday,Clear,875,Medium
3,02:18,Weekend,Clear,210,Low
7,10:15,Weekend,Clear,458,Low
16,06:06,Weekend,Clear,1115,Medium
6,19:09,Weekend,Rainy,1097,High
3,23:23,Weekend,Clear,1749,Medium
7,02:32,Weekday,Clear,1550,High
13,22:17,Weekend,Clear,1380,Medium
10,07:52,Weekday,Clear,1880,High
15,20:15,Weekday,Clear,1873,High
9,10:35,Weekend,Clear,1838,Medium
3,05:00,Weekend,Clear,689,Low
3,03:18,Weekday,Foggy,1929,High
9,19:15,Weekend,Clear,412,Medium
1,12:45,Weekend,Clear,1841,Medium
11,12:44,Weekday,Clear,243,Low
17,06:05,Weekday,Clear,1315,Medium
7,20:48,Weekday,Clear,1399,Medium
9,08:33,Weekday,Clear,899,High
18,21:47,Weekend,Clear,124,Low
5,18:12,Weekday,Clear,932,High
15,16:05,Weekend,Rainy,1475,Medium
7,02:01,Weekday,Clear,1974,High
9,19:54,Weekend,Clear,1425,High
18,01:29,Weekday,Clear,1403,Medium
10,14:32,Weekend,Rainy,191,Medium
6,22:20,Weekend,Clear,528,Low
12,23:05,Weekday,Clear,304,Low
7,12:08,Weekday,Clear,1147,Medium
4,17:57,Weekend,Clear,1136,High
18,03:46,Weekday,Clear,437,Low
16,05:41,Weekend,Clear,1793,Medium
9,11:15,Weekday,Rainy,1615,High
18,11:58,Weekend,Clear,1217,Medium
8,13:37,Weekday,Clear,494,Low
1,08:29,Weekday,Clear,742,Medium
3,06:07,Weekday,Clear,1152,Medium
6,15:51,Weekday,Foggy,861,High
1,10:51,Weekend,Foggy,1432,Medium
1,07:32,Weekend,Clear,175,Medium
12,06:40,Weekend,Clear,797,Low
6,00:43,Weekday,Rainy,845,High
15,04:43,Weekend,Clear,1327,Medium
15,09:35,Weekend,Clear,1357,High
1,02:59,Weekend,Clear,1315,Medium
19,03:43,Weekend,Clear,1625,Medium
5,03:27,Weekend,Clear,619,Low
10,16:19,Weekday,Foggy,1778,High
15,05:06,Weekday,Clear,531,Low
8,01:04,Weekday,Clear,615,Low
11,02:20,Weekend,Clear,1503,Medium
2,11:53,Weekend,Clear,1654,Medium
13,11:11,Weekday,Clear,836,Medium
16,00:10,Weekend,Clear,1089,Medium
16,11:18,Weekday,Clear,854,Medium
13,08:00,Weekday,Foggy,1294,High
14,15:50,Weekday,Rainy,1638,High
10,04:40,Weekday,Clear,1099,Medium
3,10:55,Weekday,Rainy,752,Medium
2,19:26,Weekday,Rainy,1425,High
11,08:03,Weekend,Clear,645,Medium
9,23:06,Weekend,Clear,771,Low
4,13:03,Weekend,Clear,1930,Medium
17,08:57,Weekday,Clear,1822,High
15,20:57,Weekday,Clear,1157,Medium
5,15:03,Weekday,Clear,855,Medium
4,07:58,Weekend,Foggy,1886,High
12,18:38,Weekend,Clear,1624,High
15,23:39,Weekend,Rainy,1571,Medium
13,18:24,Weekend,Clear,712,Medium
1,16:18,Weekday,Clear,1475,Medium
11,06:10,Weekend,Clear,1491,Medium
17,10:50,Weekend,Clear,162,Low
8,07:38,Weekend,Clear,546,Medium
19,02:25,Weekday,Clear,532,Low
9,14:49,Weekend,Rainy,501,Medium
5,23:06,Weekend,Rainy,1119,Medium
19,17:44,Weekend,Clear,1455,High
4,08:44,Weekday,Clear,955,High
1,06:41,Weekend,Clear,1952,Medium
19,11:59,Weekend,Clear,1579,Medium
13,00:24,Weekend,Clear,1426,Medium
18,16:27,Weekend,Foggy,1239,Medium
18,20:24,Weekend,Rainy,884,Medium
18,11:42,Weekend,Clear,1657,Medium
13,00:33,Weekday,Clear,1406,Medium
17,13:56,Weekend,Clear,148,Low
14,04:40,Weekend,Clear,375,Low
13,04:41,Weekday,Clear,635,Low
11,09:11,Weekend,Foggy,583,High
6,15:35,Weekend,Clear,1655,Medium
16,06:01,Weekday,Clear,645,Low
12,20:38,Weekend,Rainy,1545,Medium
4,06:41,Weekday,Clear,591,Low
10,04:20,Weekday,Foggy,1883,High
15,08:25,Weekday,Clear,1175,High
7,00:15,Weekday,Clear,1399,Medium
3,07:06,Weekday,Clear,416,Medium
19,10:56,Weekend,Clear,1619,Medium
8,18:05,Weekend,Foggy,1532,High
13,17:11,Weekend,Clear,1933,High
19,12:02,Weekend,Rainy,1127,Medium
3,23:39,Weekday,Foggy,1665,High
17,19:21,Weekend,Clear,1840,High
12,21:23,Weekday,Clear,1547,High
14,01:53,Weekday,Clear,1792,High
8,12:35,Weekend,Clear,250,Low
13,09:01,Weekend,Rainy,146,High
14,19:02,Weekend,Rainy,811,High
8,07:23,Weekday,Foggy,1726,High
5,08:31,Weekend,Clear,1945,High
7,19:37,Weekend,Clear,1742,High
17,09:17,Weekend,Rainy,1480,High
1,18:53,Weekday,Clear,300,Medium
7,01:02,Weekend,Clear,1286,Medium
2,08:41,Weekday,Clear,511,Medium
10,07:12,Weekend,Clear,549,Medium
5,12:54,Weekend,Clear,737,Low
17,03:22,Weekend,Rainy,1448,Medium
2,11:12,Weekend,Clear,1556,Medium
